﻿<?xml version="1.0" encoding="utf-8"?>
<Dishes>
    <Dish>
        <Name>土豆泥底披萨</Name>
        <Category>披萨</Category>
        <Comment>本店特色</Comment>
        <Score>4.5</Score>
    </Dish>
    <Dish>
        <Name>烤囊底披萨</Name>
        <Category>披萨</Category>
        <Comment>本店特色</Comment>
        <Score>5</Score>
    </Dish>
    <Dish>
        <Name>水果披萨</Name>
        <Category>披萨</Category>
        <Comment></Comment>
        <Score>4</Score>
    </Dish>
    <Dish>
        <Name>牛肉披萨</Name>
        <Category>披萨</Category>
        <Comment></Comment>
        <Score>5</Score>
    </Dish>
    <Dish>
        <Name>培根披萨</Name>
        <Category>披萨</Category>
        <Comment></Comment>
        <Score>4.5</Score>
    </Dish>
    <Dish>
        <Name>什锦披萨</Name>
        <Category>披萨</Category>
        <Comment></Comment>
        <Score>4.5</Score>
    </Dish>
    <Dish>
        <Name>金枪鱼披萨</Name>
        <Category>披萨</Category>
        <Comment></Comment>
        <Score>5</Score>
    </Dish>
    <Dish>
        <Name>海鲜披萨</Name>
        <Category>披萨</Category>
        <Comment></Comment>
        <Score>5</Score>
    </Dish>
    <Dish>
        <Name>川香披萨</Name>
        <Category>披萨</Category>
        <Comment></Comment>
        <Score>4.5</Score>
    </Dish>
    <Dish>
        <Name>黑椒鸡腿扒</Name>
        <Category>特色主食</Category>
        <Comment>本店特色</Comment>
        <Score>5</Score>
    </Dish>
    <Dish>
        <Name>肉酱意面</Name>
        <Category>特色主食</Category>
        <Comment>本店特色</Comment>
        <Score>5</Score>
    </Dish>
    <Dish>
        <Name>寂寞小章鱼</Name>
        <Category>风味小吃</Category>
        <Comment></Comment>
        <Score>5</Score>
    </Dish>
    <Dish>
        <Name>照烧鸡软骨</Name>
        <Category>风味小吃</Category>
        <Comment></Comment>
        <Score>5</Score>
    </Dish>
    <Dish>
        <Name>芝士青贝</Name>
        <Category>风味小吃</Category>
        <Comment></Comment>
        <Score>4.5</Score>
    </Dish>
    <Dish>
        <Name>奥尔良烤翅</Name>
        <Category>风味小吃</Category>
        <Comment>秒杀KFC</Comment>
        <Score>5</Score>
    </Dish>
    <Dish>
        <Name>双酱煎泥肠</Name>
        <Category>风味小吃</Category>
        <Comment></Comment>
        <Score>4</Score>
    </Dish>
    <Dish>
        <Name>香酥鱿鱼圈</Name>
        <Category>风味小吃</Category>
        <Comment>本店特色</Comment>
        <Score>4.5</Score>
    </Dish>
    <Dish>
        <Name>黄金蝴蝶虾</Name>
        <Category>风味小吃</Category>
        <Comment>本店特色</Comment>
        <Score>5</Score>
    </Dish>
    <Dish>
        <Name>金枪鱼沙拉</Name>
        <Category>沙拉</Category>
        <Comment>本店特色</Comment>
        <Score>5</Score>
    </Dish>
    <Dish>
        <Name>日式素沙拉</Name>
        <Category>沙拉</Category>
        <Comment></Comment>
        <Score>5</Score>
    </Dish>
    <Dish>
        <Name>冰糖洛神</Name>
        <Category>饮料</Category>
        <Comment></Comment>
        <Score>5</Score>
    </Dish>
    <Dish>
        <Name>玫瑰特饮</Name>
        <Category>饮料</Category>
        <Comment></Comment>
        <Score>5</Score>
    </Dish>
    <Dish>
        <Name>清新芦荟</Name>
        <Category>饮料</Category>
        <Comment></Comment>
        <Score>5</Score>
    </Dish>
    <Dish>
        <Name>薄荷汽水</Name>
        <Category>饮料</Category>
        <Comment>本店特色</Comment>
        <Score>5</Score>
    </Dish>
</Dishes>